Mail_ID,Address,Mobile_Number1,Mobile_Number2,Designation
arcu.eu.odio@student.nrb,231 Chinook Avenue,(776) 307-9473,1-413-882-9817,Player
nunc.est@student.nrb,6 Kings Circle,1-742-220-1714,1-683-813-8205,Player
sem.ut@student.nrb,195 Pepper Wood Crossing,(118) 385-2729,1-244-648-2716,Player
fermentum.metus@student.nrb,99377 Donald Crossing,(133) 793-0337,(455) 784-5156,Player
laoreet.libero@student.nrb,6 Sachtjen Center,(734) 434-6158,(735) 845-2543,Player
scelerisque.neque@student.nrb,9211 Erie Circle,(151) 682-2572,1-776-914-5971,Player
sit.amet.luctus@student.nrb,21295 Reindahl Street,1-854-324-4178,(797) 217-2463,Player
id.blandit@student.nrb,2 Truax Crossing,1-182-541-3634,1-467-756-1427,Player
nec.cursus@student.nrb,22 Harbort Avenue,1-449-485-2831,(342) 338-3542,Player
ut.quam@student.nrb,08 Delladonna Road,(836) 785-7480,(183) 325-0522,Player
quis.pede@student.nrb,076 Fuller Street,1-218-268-5454,1-416-155-2558,Player
interdum.curabitur@student.nrb,2 Bunker Hill Center,(966) 282-1459,1-556-436-6814,Player
dignissim.lacus@student.nrb,572 Birchwood Drive,(275) 856-9886,1-751-461-1823,Player
justo@student.nrb,104 Heath Street,1-860-857-0751,(352) 536-3853,Player
vulputate.risus.a@student.nrb,38056 4th Hill,(586) 732-3468,1-132-715-7258,Player
duis.risus@student.nrb,94722 Fairview Junction,(766) 288-1423,1-590-350-0421,Player
turpis.non@student.nrb,6254 Brentwood Avenue,1-488-117-9451,1-818-187-3722,Player
amet.dapibus@student.nrb,577 Cottonwood Terrace,(214) 575-1077,1-628-207-5683,Player
in.mi.pede@student.nrb,9 Debra Terrace,1-670-767-7884,1-358-732-3536,Player
tortor.nunc@student.nrb,134 Shelley Lane,1-615-848-4941,1-563-234-2618,Player
vestibulum.mauris@student.nrb,2531 Carberry Street,(142) 259-4920,(214) 538-8281,Player
eget.volutpat@student.nrb,65 Columbus Center,1-539-930-7089,1-880-494-7824,Player
in.mi@student.nrb,47 Lighthouse Bay Center,(505) 812-1151,(621) 435-0114,Player
vitae.nibh@student.nrb,5267 Bobwhite Avenue,1-228-531-9839,1-207-875-8892,Player
risus@student.nrb,2 Columbus Parkway,(522) 217-2279,(163) 617-3888,Player
nullam.lobortis@student.nrb,187 Doe Crossing Junction,(353) 850-2877,1-212-105-2690,Player
nunc.nulla@student.nrb,01 Oxford Court,(858) 268-8749,1-340-126-3784,Player
vehicula@student.nrb,59 Little Fleur Circle,1-736-580-7364,1-214-418-4355,Player
hendrerit.neque@student.nrb,3 Ohio Trail,(630) 836-4687,(864) 286-3461,Player
mauris.non@student.nrb,733 Dottie Way,(402) 680-3214,1-335-768-1455,Player
penatibus.et.magnis@student.nrb,39 Lerdahl Trail,(598) 143-5333,(572) 543-2938,Player
vitae@student.nrb,4903 Cascade Lane,(401) 706-3724,1-503-467-1466,Player
donec.felis.orci@student.nrb,064 Manitowish Lane,(826) 216-6754,(671) 678-3431,Player
libero@student.nrb,8019 Ronald Regan Alley,(334) 726-2256,(888) 412-3221,Player
porttitor.tellus@student.nrb,69 Independence Park,(611) 423-1458,1-564-323-1777,Player
elit.etiam@student.nrb,93373 Service Lane,(778) 789-5628,1-846-328-4236,Player
eu@student.nrb,8562 Mallard Place,(502) 792-9153,(747) 466-7585,Player
eget.massa.suspendisse@student.nrb,22 Gina Junction,(412) 389-1474,1-528-811-7713,Player
sit.amet@student.nrb,1240 Sundown Terrace,(431) 447-7827,1-787-526-8458,Player
convallis@student.nrb,56 Bartelt Terrace,1-578-367-5786,(569) 651-8255,Player
metus.sit.amet@student.nrb,0032 Jenifer Drive,(761) 879-8527,(494) 653-8310,Player
dis@student.nrb,267 Thompson Drive,(217) 327-4856,1-398-393-5762,Player
pellentesque.habitant@student.nrb,087 Glendale Alley,(617) 210-6123,1-248-470-5762,Player
massa.vestibulum@student.nrb,07456 Heffernan Lane,1-624-862-8323,(412) 517-8623,Player
mi.tempor@student.nrb,14367 Milwaukee Road,(226) 756-4325,(248) 368-7169,Player
posuere.vulputate.lacus@student.nrb,478 Haas Court,(603) 627-7322,1-355-713-5632,Player
in@student.nrb,463 Lindbergh Way,1-551-365-5767,1-450-144-2267,Player
arcu.eu@student.nrb,374 Norway Maple Junction,1-288-888-7265,1-845-283-6367,Player
vel.nisl@student.nrb,47 Scofield Point,1-157-414-8317,1-441-968-5526,Player
sit@student.nrb,3929 Petterle Junction,1-357-402-5043,1-511-461-1337,Player
aliquet.metus.urna@student.nrb,9 Holy Cross Terrace,(143) 303-3883,1-533-847-2865,Player
eu.placerat@student.nrb,0427 Crest Line Point,1-468-548-6809,(576) 237-6114,Player
aliquam.adipiscing.lobortis@student.nrb,70899 Union Lane,1-733-455-1844,1-946-554-6233,Player
metus.vivamus.euismod@student.nrb,3903 Kinsman Court,(537) 919-2886,(942) 384-8543,Player
odio.tristique@student.nrb,6162 Reindahl Crossing,1-714-741-4777,1-891-771-9565,Player
condimentum@student.nrb,14 Old Shore Avenue,1-174-258-1731,(427) 324-7140,Player
facilisis@student.nrb,3019 Daystar Court,(578) 455-5478,1-814-317-8444,Player
at.lacus.quisque@student.nrb,3077 Macpherson Parkway,(296) 341-2347,1-653-685-4159,Player
ultrices.iaculis.odio@student.nrb,84673 Atwood Pass,(363) 900-1707,1-117-628-2802,Player
nullam.scelerisque@student.nrb,181 Oak Avenue,1-611-756-1534,(661) 877-5328,Player
lorem@student.nrb,68053 Trailsway Point,1-761-867-6616,1-441-589-2453,Player
aliquet.lobortis@student.nrb,96828 Alpine Street,1-828-565-7331,(131) 982-8684,Player
sem.magna@student.nrb,709 Summer Ridge Street,1-563-511-8550,(317) 867-9443,Player
fusce@student.nrb,0 Marcy Lane,(980) 383-2122,1-855-979-1975,Player
pede.suspendisse@student.nrb,5 Aberg Junction,(421) 523-5170,(613) 617-7674,Player
duis@student.nrb,37340 Karstens Way,1-827-333-5956,(559) 315-4785,Player
eget.magna@student.nrb,5 Graedel Court,1-168-348-0278,(555) 356-2503,Player
lacinia@student.nrb,36307 Goodland Way,(164) 977-5931,1-304-850-3957,Player
massa.quisque@student.nrb,0218 Nova Drive,(264) 561-7347,(185) 835-8373,Player
porta.elit@student.nrb,64517 Quincy Place,1-952-631-3182,1-496-338-4573,Player
egestas@student.nrb,08371 Tennyson Court,1-285-574-4332,1-547-834-7881,Player
faucibus@student.nrb,6 School Drive,(527) 545-9221,1-746-921-7465,Player
sem.mollis.dui@student.nrb,221 Carioca Avenue,1-321-452-1363,1-306-478-5324,Player
elit@student.nrb,0688 Heath Pass,(851) 358-7541,1-574-793-0515,Player
nunc.risus@student.nrb,8 Iowa Junction,(783) 658-1103,(643) 344-3869,Player
eu.dolor@student.nrb,6145 Kedzie Trail,1-825-263-2457,(590) 736-1378,Player
est@student.nrb,01 Ruskin Point,1-928-449-7215,1-533-282-2635,Player
dis.parturient@student.nrb,221 Jackson Center,(919) 606-5345,1-737-681-3386,Player
augue.eu@student.nrb,8048 Donald Terrace,(562) 276-3961,1-248-561-4378,Player
id1.blandit@student.nrb,8537 Tomscot Park,1-304-332-5831,(668) 271-6589,Player
diam.vel.arcu@student.nrb,49 Pleasure Plaza,(752) 615-3267,(252) 485-1760,Player
facilisis.non@student.nrb,48793 Crowley Circle,(323) 569-1671,(885) 936-8752,Player
ligula.aenean.gravida@student.nrb,7849 Carberry Court,1-538-608-6603,1-787-553-7932,Player
luctus@student.nrb,3121 Autumn Leaf Point,1-380-484-1332,(875) 383-2525,Player
donec.nibh@student.nrb,42120 Hanover Court,1-345-334-6364,(651) 689-6827,Player
et@student.nrb,435 Loeprich Alley,1-832-551-7993,1-657-377-4888,Player
nunc.sit@student.nrb,933 Esker Court,1-648-112-1052,(385) 647-5213,Player
consequat.dolor.vitae@student.nrb,1 Hansons Center,(377) 369-4101,1-588-568-7002,Player
malesuada.fames.ac@student.nrb,390 Vermont Crossing,1-561-543-2514,(893) 250-1718,Player
mi.fringilla.mi@student.nrb,04 Spenser Crossing,(793) 408-5795,(874) 250-8493,Player
ligula@student.nrb,9 Melby Parkway,(916) 688-0243,1-279-477-1223,Player
scelerisque@student.nrb,05606 Iowa Lane,(163) 733-6136,1-765-234-4185,Player
nec@student.nrb,98 Barnett Hill,1-146-177-7715,(835) 826-5528,Player
commodo.auctor.velit@student.nrb,1439 High Crossing Pass,1-870-107-9357,(814) 633-4909,Player
mauris@student.nrb,2487 Redwing Crossing,1-881-468-4564,1-661-846-5445,Player
blandit.congue.in@student.nrb,0220 Bay Trail,(320) 253-2793,1-465-481-3755,Player
curabitur.sed.tortor@tech.io,34 Tennessee Center,1-157-436-1670,1-832-283-5372,Player
pede@tech.io,23 Merchant Road,(461) 536-4727,(637) 304-8661,Court_Supervisor
quisque@tech.io,122 Moland Drive,(938) 845-3325,(237) 313-8849,Court_Supervisor
mauris@tech.io,976 Bay Crossing,(820) 347-1367,(174) 555-1305,Court_Supervisor
vivamus@tech.io,96581 Forest Run Circle,(442) 653-6673,1-705-536-7291,Court_Supervisor
risus@tech.io,878 Independence Lane,(934) 714-8559,(317) 281-2174,Court_Supervisor
dolor.nonummy@tech.io,6 Sunnyside Center,(863) 888-1752,1-447-328-2606,Court_Supervisor
fermentum.arcu@tech.io,083 Talmadge Circle,(784) 837-1274,(995) 337-7723,Court_Supervisor
odio.nam@tech.io,465 Lien Point,1-566-351-6378,(515) 375-5293,Court_Supervisor
laoreet.lectus@tech.io,53 Stang Road,1-658-472-2745,1-563-972-4112,Court_Supervisor
augue.scelerisque@tech.io,3 Bellgrove Crossing,1-249-531-9135,1-358-652-6636,Court_Supervisor
ligula.aenean@tech.io,5 David Drive,1-589-534-4637,1-816-356-1876,Court_Supervisor
interdum.ligula.eu@tech.io,390 Loomis Street,(306) 721-0137,1-312-640-2762,Court_Supervisor
commodo.auctor@tech.io,93 Bartillon Avenue,(527) 525-8057,1-981-505-8392,Court_Supervisor
congue.a@tech.io,93422 Randy Alley,(969) 831-4541,1-877-597-6566,Court_Supervisor
orci.luctus@tech.io,43 Carberry Way,1-518-444-2296,(537) 922-0275,Court_Supervisor
felis.purus@tech.io,9 Ramsey Avenue,1-722-758-3704,(624) 279-3151,Court_Supervisor
risus.nunc@tech.io,30 Coleman Parkway,1-738-591-0864,1-217-726-5307,Court_Supervisor
consectetuer.adipiscing.elit@tech.io,9156 Oakridge Place,(624) 355-1411,(936) 812-0858,Court_Supervisor
diam@tech.io,80 Shelley Terrace,1-685-703-6732,(957) 367-4752,Court_Supervisor
ac@tech.io,3 Claremont Circle,(532) 764-1805,1-159-323-4973,Court_Supervisor
lectus@tech.io,8664 Bartelt Parkway,(735) 393-4753,1-472-143-6571,Court_Supervisor
sem.ut.cursus@tech.io,7 Merrick Lane,(787) 580-2215,(747) 381-7635,Court_Supervisor
est.mauris.eu@tech.io,51517 Mosinee Junction,(931) 494-3241,(632) 506-5475,Court_Supervisor
rutrum.non@tech.io,31 International Park,1-984-352-4715,(673) 307-1974,Court_Supervisor
enim.gravida.sit@hotmail.ca,0 Dahle Crossing,1-576-922-8538,1-230-136-6531,Trainer
enim.etiam@icloud.edu,14 Cascade Alley,1-790-490-8304,1-474-515-1055,Trainer
nullam.lobortis@outlook.ca,69 Old Shore Road,1-348-566-9132,1-247-471-8553,Trainer
velit.cras.lorem@icloud.ca,23302 Springs Plaza,1-419-211-2802,1-737-777-7917,Trainer
volutpat.nulla.dignissim@outlook.org,29375 Northland Way,1-847-117-4744,1-991-227-5238,Trainer
odio.tristique@yahoo.com,57774 6th Trail,(782) 152-2578,1-762-422-3935,Trainer
in.nec.orci@aol.edu,5 Raven Park,(611) 320-6817,1-437-204-0634,Trainer
id.blandit@outlook.com,99470 Menomonie Road,(374) 554-8340,(517) 820-7577,Trainer
nec.quam@yahoo.couk,1 Nobel Plaza,(795) 887-3903,1-348-410-4611,Trainer
elementum.lorem@yahoo.com,78357 Del Sol Lane,1-606-890-1160,(648) 816-7138,Trainer
