Court_Number,Supervisor_Mail_ID
1,curabitur.sed.tortor@tech.io
2,pede@tech.io
3,quisque@tech.io
4,mauris@tech.io
5,vivamus@tech.io
6,risus@tech.io
7,dolor.nonummy@tech.io
8,fermentum.arcu@tech.io
9,odio.nam@tech.io
10,laoreet.lectus@tech.io
11,augue.scelerisque@tech.io
12,ligula.aenean@tech.io
13,interdum.ligula.eu@tech.io
14,commodo.auctor@tech.io
15,congue.a@tech.io
16,orci.luctus@tech.io
17,felis.purus@tech.io
18,risus.nunc@tech.io
19,consectetuer.adipiscing.elit@tech.io
20,diam@tech.io
21,ac@tech.io
22,lectus@tech.io
23,sem.ut.cursus@tech.io
24,est.mauris.eu@tech.io
25,rutrum.non@tech.io