Trainer_ID,Mail_ID,Salary_Structure_ID,Name,Password,Attendance
20191101,enim.gravida.sit@hotmail.ca,1,Dalton Riddle,AFZ43QNJ8PL,97.31
20191102,enim.etiam@icloud.edu,4,Avye Hernandez,HQT74CDX6NC,96.52
20191103,nullam.lobortis@outlook.ca,3,Kirestin Contreras,EFB51OVO5JX,96.62
20191104,velit.cras.lorem@icloud.ca,1,Hayden Mccray,WSX15GTI5EH,97.85
20191105,volutpat.nulla.dignissim@outlook.org,1,Barclay Park,ATX18HPX5EG,97.71
20191106,odio.tristique@yahoo.com,4,Joshua Waters,EUQ17BXU3UZ,96.98
20191107,in.nec.orci@aol.edu,3,Shana Fitzgerald,TGO63OXT4MJ,97.67
20191108,id.blandit@outlook.com,2,Rudyard Wilkins,SUC56XYY6WB,97.49
20191109,nec.quam@yahoo.couk,2,Garth Bradford,UHH12COD4VJ,96.73
20191110,elementum.lorem@yahoo.com,1,Fleur Hodge,XNB51LMY4YR,97.27